event_id,name,event_date,location
bfe95ec546692b13,UFC Fight Night: Blaydes vs. Lewis,20-Feb-21,"Las Vegas, Nevada, USA"
3f7c14c7eca7195d,UFC 258: Usman vs. Burns,13-Feb-21,"Las Vegas, Nevada, USA"
a1153013cb5f628f,UFC Fight Night: Overeem vs. Volkov,6-Feb-21,"Las Vegas, Nevada, USA"
4304992c2acc187b,UFC 257: Poirier vs. McGregor,23-Jan-21,"Abu Dhabi, Abu Dhabi, United Arab Emirates"
56116537d71a578c,UFC Fight Night: Chiesa vs. Magny,20-Jan-21,"Abu Dhabi, Abu Dhabi, United Arab Emirates"
307064d3e0f036c2,UFC Fight Night: Holloway vs. Kattar,16-Jan-21,"Abu Dhabi, Abu Dhabi, United Arab Emirates"
e49c2db95e572dc8,UFC Fight Night: Thompson vs. Neal,19-Dec-20,"Las Vegas, Nevada, USA"
d0d43cb9b14f231c,UFC 256: Figueiredo vs. Moreno,12-Dec-20,"Las Vegas, Nevada, USA"
398b440e73d55b8b,UFC Fight Night: Hermansson vs. Vettori,5-Dec-20,"Las Vegas, Nevada, USA"
992c82450d96f726,UFC Fight Night: Smith vs. Clark,28-Nov-20,"Las Vegas, Nevada, USA"
bbb15f301e4a490a,UFC 255: Figueiredo vs. Perez,21-Nov-20,"Las Vegas, Nevada, USA"
3bc27ec15facbcf3,UFC Fight Night: Felder vs. Dos Anjos,14-Nov-20,"Las Vegas, Nevada, USA"
41dca66f9dadfc86,UFC Fight Night: Santos vs. Teixeira,7-Nov-20,"Las Vegas, Nevada, USA"
ad044be25c94dcfd,UFC Fight Night: Hall vs. Silva,31-Oct-20,"Las Vegas, Nevada, USA"
c3c38c86f5ab9b5c,UFC 254: Khabib vs. Gaethje,24-Oct-20,"Abu Dhabi, Abu Dhabi, United Arab Emirates"
d4f364dd076bb0e2,UFC Fight Night: Ortega vs. The Korean Zombie,17-Oct-20,"Abu Dhabi, Abu Dhabi, United Arab Emirates"
fd4578cac86d75ca,UFC Fight Night: Moraes vs. Sandhagen,10-Oct-20,"Abu Dhabi, Abu Dhabi, United Arab Emirates"
805ad1801eb26abb,UFC Fight Night: Holm vs. Aldana,3-Oct-20,"Abu Dhabi, Abu Dhabi, United Arab Emirates"
e69c5ce12f4e762b,UFC 253: Adesanya vs. Costa,26-Sep-20,"Abu Dhabi, Abu Dhabi, United Arab Emirates"
831b937811804dad,UFC Fight Night: Covington vs. Woodley,19-Sep-20,"Las Vegas, Nevada, USA"
9c37681096c6f3a9,UFC Fight Night: Waterson vs. Hill,12-Sep-20,"Las Vegas, Nevada, USA"
542db012217ecb83,UFC Fight Night: Overeem vs. Sakai,5-Sep-20,"Las Vegas, Nevada, USA"
e29cf523ebd155c5,UFC Fight Night: Smith vs. Rakic,29-Aug-20,"Las Vegas, Nevada, USA"
af1e5c64b8663aa0,UFC Fight Night: Munhoz vs. Edgar,22-Aug-20,"Las Vegas, Nevada, USA"
bda04c573563cc2e,UFC 252: Miocic vs. Cormier 3,15-Aug-20,"Las Vegas, Nevada, USA"
7a82635ffa9b59fe,UFC Fight Night: Lewis vs. Oleinik,8-Aug-20,"Las Vegas, Nevada, USA"
3746e21bb508391a,UFC Fight Night: Brunson vs. Shahbazyan,1-Aug-20,"Las Vegas, Nevada, USA"
dde70a112e053a6c,UFC Fight Night: Whittaker vs. Till,25-Jul-20,"Abu Dhabi, Abu Dhabi, United Arab Emirates"
ddbd0d6259ce57cc,UFC Fight Night: Figueiredo vs. Benavidez 2,18-Jul-20,"Abu Dhabi, Abu Dhabi, United Arab Emirates"
18f5669a92e99d92,UFC Fight Night: Kattar vs. Ige,15-Jul-20,"Abu Dhabi, Abu Dhabi, United Arab Emirates"
dbd198f780286aca,UFC 251: Usman vs. Masvidal,11-Jul-20,"Abu Dhabi, Abu Dhabi, United Arab Emirates"
c32eab6c2119e989,UFC Fight Night: Poirier vs. Hooker,27-Jun-20,"Las Vegas, Nevada, USA"
2eab7a6c8b0ed8cc,UFC Fight Night: Blaydes vs. Volkov,20-Jun-20,"Las Vegas, Nevada, USA"
1e13936d708bcff7,UFC Fight Night: Eye vs. Calvillo,13-Jun-20,"Las Vegas, Nevada, USA"
4c12aa7ca246e7a4,UFC 250: Nunes vs. Spencer,6-Jun-20,"Las Vegas, Nevada, USA"
14b9e0f2679a2205,UFC Fight Night: Woodley vs. Burns,30-May-20,"Las Vegas, Nevada, USA"
dfb965c9824425db,UFC Fight Night: Overeem vs. Harris,16-May-20,"Jacksonville, Florida, USA"
5f8e00c27b7e7410,UFC Fight Night: Smith vs. Teixeira,13-May-20,"Jacksonville, Florida, USA"
898337ef520fe4d3,UFC 249: Ferguson vs. Gaethje,9-May-20,"Jacksonville, Florida, USA"
53278852bcd91e11,UFC Fight Night: Lee vs. Oliveira,14-Mar-20,"Brasilia, Distrito Federal, Brazil"
0b5b6876c2a4723f,UFC 248: Adesanya vs. Romero,7-Mar-20,"Las Vegas, Nevada, USA"
fc9a9559a05f2704,UFC Fight Night: Benavidez vs. Figueiredo,29-Feb-20,"Norfolk, Virginia, USA"
33b2f68ef95252e0,UFC Fight Night: Felder vs. Hooker,22-Feb-20,"Auckland, New Zealand"
5df17b3620145578,UFC Fight Night: Anderson vs. Blachowicz,15-Feb-20,"Rio Rancho, New Mexico, USA"
b26d3e3746fb4024,UFC 247: Jones vs. Reyes,8-Feb-20,"Houston, Texas, USA"
44aa652b181bcf68,UFC Fight Night: Blaydes vs. Dos Santos,25-Jan-20,"Raleigh, North Carolina, USA"
0c1773639c795466,UFC 246: McGregor vs. Cowboy,18-Jan-20,"Las Vegas, Nevada, USA"
74fefd43f073cd2f,UFC Fight Night: Edgar vs. The Korean Zombie,21-Dec-19,"Busan, South Korea"
4565d435005319c0,UFC 245: Usman vs. Covington,14-Dec-19,"Las Vegas, Nevada, USA"
b09890ba7ce1d1e2,UFC Fight Night: Overeem vs. Rozenstruik,7-Dec-19,"Washington, DC, USA"
81ca2c245b19b3c5,UFC Fight Night: Blachowicz vs. Jacare,16-Nov-19,"Sao Paulo, Sao Paulo, Brazil"
8d5daf67983b65ba,UFC Fight Night: Zabit vs. Kattar,9-Nov-19,"Moscow, Moscow, Russia"
fd87b1bbfcde9d5e,UFC 244: Masvidal vs. Diaz,2-Nov-19,"New York City, New York, USA"
df05aa15b2d66f57,UFC Fight Night: Maia vs. Askren,26-Oct-19,"Kallang, Singapore"
3ae10ac4df3df05c,UFC Fight Night: Reyes vs. Weidman,18-Oct-19,"Boston, Massachusetts, USA"
0941df56f6ac954b,UFC Fight Night: Joanna vs. Waterson,12-Oct-19,"Tampa, Florida, USA"
3cf68c1d17f66af7,UFC 243: Whittaker vs. Adesanya,5-Oct-19,"Melbourne, Victoria, Australia"
1bf49bf829964144,UFC Fight Night: Hermansson vs. Cannonier,28-Sep-19,"Copenhagen, Denmark"
94a5aaf573f780ad,UFC Fight Night: Rodriguez vs. Stephens,21-Sep-19,"Mexico City, Distrito Federal, Mexico"
4834ff149dc9542a,UFC Fight Night: Cowboy vs. Gaethje,14-Sep-19,"Vancouver, British Columbia, Canada"
a79bfbc01b2264d6,UFC 242: Khabib vs. Poirier,7-Sep-19,"Abu Dhabi, Abu Dhabi, United Arab Emirates"
2c104b7e59a72629,UFC Fight Night: Andrade vs. Zhang,31-Aug-19,"Shenzhen, Guangdong, China"
70167689d6a01793,UFC 241: Cormier vs. Miocic 2,17-Aug-19,"Anaheim, California, USA"
e5d03e4d966126bd,UFC Fight Night: Shevchenko vs. Carmouche 2,10-Aug-19,"Montevideo, Uruguay"
03da33a102d9a45f,UFC Fight Night: Covington vs. Lawler,3-Aug-19,"Newark, New Jersey, USA"
abcf7e55a0a9ed89,UFC 240: Holloway vs. Edgar,27-Jul-19,"Edmonton, Alberta, Canada"
9e0f28d1f639ad73,UFC Fight Night: Dos Anjos vs. Edwards,20-Jul-19,"San Antonio, Texas, USA"
2f8f3c69522db931,UFC Fight Night: De Randamie vs. Ladd,13-Jul-19,"Sacramento, California, USA"
6c9383ffab2725a5,UFC 239: Jones vs. Santos,6-Jul-19,"Las Vegas, Nevada, USA"
c0c1bc0766df4c00,UFC Fight Night: Ngannou vs. Dos Santos,29-Jun-19,"Minneapolis, Minnesota, USA"
b16a7e6a627e9789,UFC Fight Night: Moicano vs. The Korean Zombie,22-Jun-19,"Greenville, South Carolina, USA"
e31502e3f79d00c5,UFC 238: Cejudo vs. Moraes,8-Jun-19,"Chicago, Illinois, USA"
cbc071cb20ea59c7,UFC Fight Night: Gustafsson vs. Smith,1-Jun-19,"Stockholm, Sweden"
6b8f28da9a483049,UFC Fight Night: Dos Anjos vs. Lee,18-May-19,"Rochester, New York, USA"
9de7c97e1c0d7927,UFC 237: Namajunas vs. Andrade,11-May-19,"Rio de Janeiro, Rio de Janeiro, Brazil"
351264d11286d09a,UFC Fight Night: Iaquinta vs. Cowboy,4-May-19,"Ottawa, Ontario, Canada"
c912f676692c353a,UFC Fight Night: Jacare vs. Hermansson,27-Apr-19,"Sunrise, Florida, USA"
7dcf06c1967801c1,UFC Fight Night: Overeem vs. Oleinik,20-Apr-19,"Saint Petersburg, Saint Petersburg, Russia"
b0550072e5f0afa7,UFC 236: Holloway vs. Poirier 2,13-Apr-19,"Atlanta, Georgia, USA"
9649d75defe0dedb,UFC Fight Night: Barboza vs. Gaethje,30-Mar-19,"Philadelphia, Pennsylvania, USA"
487c170da059857d,UFC Fight Night: Thompson vs. Pettis,23-Mar-19,"Nashville, Tennessee, USA"
80eacd4da0617c57,UFC Fight Night: Till vs. Masvidal,16-Mar-19,"London, England, United Kingdom"
e96d8538d3f9d0ed,UFC Fight Night: Lewis vs. Dos Santos,9-Mar-19,"Wichita, Kansas, USA"
2d5fbe2103f97053,UFC 235: Jones vs. Smith,2-Mar-19,"Las Vegas, Nevada, USA"
6546af7ab545b90c,UFC Fight Night: Blachowicz vs. Santos,23-Feb-19,"Prague, Czech Republic"
a7a79b8efbceaaac,UFC Fight Night: Ngannou vs. Velasquez,17-Feb-19,"Phoenix, Arizona, USA"
b5882371e2a3900d,UFC 234: Adesanya vs. Silva,9-Feb-19,"Melbourne, Victoria, Australia"
84283233ec42be5f,UFC Fight Night: Assuncao vs. Moraes 2,2-Feb-19,"Fortaleza, Ceara, Brazil"
d4da8995fc91e7ef,UFC Fight Night: Cejudo vs. Dillashaw,19-Jan-19,"Brooklyn, New York, USA"
c046100aea0dba9a,UFC 232: Jones vs. Gustafsson 2,29-Dec-18,"Los Angeles, California, USA"
7a703c565ccaa18f,UFC Fight Night: Lee vs. Iaquinta,15-Dec-18,"Milwaukee, Wisconsin, USA"
2a74bbba57058f12,UFC 231: Holloway vs. Ortega,8-Dec-18,"Toronto, Ontario, Canada"
d1d20e651e6cbc02,UFC Fight Night: Dos Santos vs. Tuivasa,1-Dec-18,"Adelaide, South Australia, Australia"
c7ac79839e86ce33,The Ultimate Fighter: Heavy Hitters Finale,30-Nov-18,"Las Vegas, Nevada, USA"
de25520d54eab12d,UFC Fight Night: Blaydes vs. Ngannou 2,24-Nov-18,"Beijing, China"
aa3153a9941b4d44,UFC Fight Night: Magny vs. Ponzinibbio,17-Nov-18,"Buenos Aires, Buenos Aires, Argentina"
42c96a9c4802e2e1,UFC Fight Night: Korean Zombie vs. Rodriguez,10-Nov-18,"Denver, Colorado, USA"
20821819c401ced8,UFC 230: Cormier vs. Lewis,3-Nov-18,"New York City, New York, USA"
33a331684283900f,UFC Fight Night: Oezdemir vs. Smith,27-Oct-18,"Moncton, New Brunswick, Canada"
1ef0eae31904e534,UFC 229: Khabib vs. McGregor,6-Oct-18,"Las Vegas, Nevada, USA"
852454c572675334,UFC Fight Night: Marreta vs. Anders,22-Sep-18,"Sao Paulo, Sao Paulo, Brazil"
8d49545dadf9b919,UFC Fight Night: Hunt vs. Oleinik,15-Sep-18,"Moscow, Moscow, Russia"
d5ae8074631762fc,UFC 228: Woodley vs. Till,8-Sep-18,"Dallas, Texas, USA"
c0342805a1948cbb,UFC Fight Night: Gaethje vs. Vick,25-Aug-18,"Lincoln, Nebraska, USA"
03b1e846b09f721d,UFC 227: Dillashaw vs. Garbrandt 2,4-Aug-18,"Los Angeles, California, USA"
322a56923b396b4d,UFC Fight Night: Alvarez vs. Poirier 2,28-Jul-18,"Calgary, Alberta, Canada"
4f732e58ed907eff,UFC Fight Night: Shogun vs. Smith,22-Jul-18,"Hamburg, Hamburg, Germany"
b45d6b73f4ca4467,UFC Fight Night: Dos Santos vs. Ivanov,14-Jul-18,"Boise, Idaho, USA"
35585d970300d45a,UFC 226: Miocic vs. Cormier,7-Jul-18,"Las Vegas, Nevada, USA"
8215e4fe24e8e81b,The Ultimate Fighter: Undefeated Finale,6-Jul-18,"Las Vegas, Nevada, USA"
ac5f67109accb482,UFC Fight Night: Cowboy vs. Edwards,23-Jun-18,"Kallang, Singapore"
2eae41f61776c60f,UFC 225: Whittaker vs. Romero 2,9-Jun-18,"Chicago, Illinois, USA"
d29b5c4f22c6357d,UFC Fight Night: Rivera vs. Moraes,1-Jun-18,"Utica, New York, USA"
f5990c11974d8e9c,UFC Fight Night: Thompson vs. Till,27-May-18,"Liverpool, England, United Kingdom"
3144121470023e9a,UFC Fight Night: Maia vs. Usman,19-May-18,"Santiago, Chile"
67ec58d7cf599835,UFC 224: Nunes vs. Pennington,12-May-18,"Rio de Janeiro, Rio de Janeiro, Brazil"
ad99fa5325519169,UFC Fight Night: Barboza vs. Lee,21-Apr-18,"Atlantic City, New Jersey, USA"
620be7e0712d431b,UFC Fight Night: Poirier vs. Gaethje,14-Apr-18,"Glendale, Arizona, USA"
49e7e05f902479ca,UFC 223: Khabib vs. Iaquinta,7-Apr-18,"Brooklyn, New York, USA"
eed2b71d77d95416,UFC Fight Night: Werdum vs. Volkov,17-Mar-18,"London, England, United Kingdom"
7929be8290289a47,UFC 222: Cyborg vs. Kunitskaya,3-Mar-18,"Las Vegas, Nevada, USA"
daa89f01e1c0f42a,UFC Fight Night: Emmett vs. Stephens,24-Feb-18,"Orlando, Florida, USA"
d181689653115b6a,UFC Fight Night: Cerrone vs. Medeiros,18-Feb-18,"Austin, Texas, USA"
15515e797aedc137,UFC 221: Romero vs. Rockhold,10-Feb-18,"Perth, Western Australia, Australia"
7cf20446453f852b,UFC Fight Night: Machida vs. Anders,3-Feb-18,"Belem, Para, Brazil"
602bb270f2bdbf02,UFC Fight Night: Jacare vs. Brunson 2,27-Jan-18,"Charlotte, North Carolina, USA"
02177caefe7c07d4,UFC 220: Miocic vs. Ngannou,20-Jan-18,"Boston, Massachusetts, USA"
fc1868f56d3036eb,UFC Fight Night: Stephens vs. Choi,14-Jan-18,"St. Louis, Missouri, USA"
04076783ca83d6ae,UFC 219: Cyborg vs. Holm,30-Dec-17,"Las Vegas, Nevada, USA"
eaa0a728cc91ef60,UFC Fight Night: Lawler vs. Dos Anjos,16-Dec-17,"Winnipeg, Manitoba, Canada"
bcd124bcd3d5be46,UFC Fight Night: Swanson vs. Ortega,9-Dec-17,"Fresno, California, USA"
9e30f69cc0869301,UFC 218: Holloway vs. Aldo 2,2-Dec-17,"Detroit, Michigan, USA"
30e8b4505f5ccf92,The Ultimate Fighter: A New World Champion Finale,1-Dec-17,"Las Vegas, Nevada, USA"
e7bc606d269896aa,UFC Fight Night: Bisping vs. Gastelum,25-Nov-17,"Shanghai, Hebei, China"
caced97768818230,UFC Fight Night: Werdum vs. Tybura,18-Nov-17,"Sydney, New South Wales, Australia"
d856a0080ac09ed7,UFC Fight Night: Poirier vs. Pettis,11-Nov-17,"Norfolk, Virginia, USA"
a25b71fe5e31fa97,UFC 217: Bisping vs. St-Pierre,4-Nov-17,"New York City, New York, USA"
a7724f51e32e763e,UFC Fight Night: Brunson vs. Machida,28-Oct-17,"Sao Paulo, Sao Paulo, Brazil"
d6b68eaf4b68b160,UFC Fight Night: Cerrone vs. Till,21-Oct-17,"Gdansk, Poland"
cc5834a495d1ea08,UFC 216: Ferguson vs. Lee,7-Oct-17,"Las Vegas, Nevada, USA"
9211aae062b799d6,UFC Fight Night: Saint Preux vs. Okami,22-Sep-17,"Saitama, Saitama, Japan"
1979c80150f630c4,UFC Fight Night: Rockhold vs. Branch,16-Sep-17,"Pittsburgh, Pennsylvania, USA"
d86e913c548c07c2,UFC 215: Nunes vs Shevchenko 2,9-Sep-17,"Edmonton, Alberta, Canada"
a3244e3238541482,UFC Fight Night: Volkov vs. Struve,2-Sep-17,"Rotterdam, Zuid-Holland, Netherlands"
f4a031ac205ac580,UFC Fight Night: Pettis vs. Moreno,5-Aug-17,"Mexico City, Distrito Federal, Mexico"
ff9578cdbfabd323,UFC 214: Cormier vs. Jones 2,29-Jul-17,"Anaheim, California, USA"
9f3d6ddef3d3cccc,UFC Fight Night: Weidman vs. Gastelum,22-Jul-17,"Uniondale, New York, USA"
d7907a9a968e4d29,UFC Fight Night: Nelson vs. Ponzinibbio,16-Jul-17,"Glasgow, Scotland, United Kingdom"
686cccbf1a4de453,UFC 213: Romero vs. Whittaker,8-Jul-17,"Las Vegas, Nevada, USA"
23bd78c3f89bdb54,The Ultimate Fighter: Redemption Finale,7-Jul-17,"Las Vegas, Nevada, USA"
99bf06f20491cb54,UFC Fight Night: Chiesa vs. Lee,25-Jun-17,"Oklahoma City, Oklahoma, USA"
353de740bb6c7e75,UFC Fight Night: Holm vs. Correia,17-Jun-17,"Kallang, Singapore"
90e7447d8b7f3f35,UFC Fight Night: Lewis vs. Hunt,10-Jun-17,"Auckland, New Zealand"
1507214bbc7a79e2,UFC 212: Aldo vs. Holloway,3-Jun-17,"Rio de Janeiro, Rio de Janeiro, Brazil"
1c7cce2f5c17160d,UFC Fight Night: Gustafsson vs. Teixeira,28-May-17,"Stockholm, Sweden"
5df10509264586e5,UFC 211: Miocic vs. Dos Santos,13-May-17,"Dallas, Texas, USA"
bc7f7f0ba3db74d2,UFC Fight Night: Swanson vs. Lobov,22-Apr-17,"Nashville, Tennessee, USA"
ed069a95aaaf4f56,UFC on FOX: Johnson vs. Reis,15-Apr-17,"Kansas City, Missouri, USA"
e7bfdb5e0112891e,UFC 210: Cormier vs. Johnson 2,8-Apr-17,"Buffalo, New York, USA"
c0231720fe516994,UFC Fight Night: Manuwa vs. Anderson,18-Mar-17,"London, England, United Kingdom"
47b7e4e60813b7b2,UFC Fight Night: Belfort vs. Gastelum,11-Mar-17,"Fortaleza, Ceara, Brazil"
20e403a1acfef130,UFC 209: Woodley vs. Thompson 2,4-Mar-17,"Las Vegas, Nevada, USA"
b4ad3a06ee4d660c,UFC Fight Night: Lewis vs. Browne,19-Feb-17,"Halifax, Nova Scotia, Canada"
865aa315ea62c511,UFC 208: Holm vs. De Randamie,11-Feb-17,"Brooklyn, New York, USA"
6a8a06b542e1516d,UFC Fight Night: Bermudez vs. The Korean Zombie,4-Feb-17,"Houston, Texas, USA"
4512e46543b960ad,UFC on FOX: Shevchenko vs. Pena,28-Jan-17,"Denver, Colorado, USA"
46effbd1135423c5,UFC Fight Night: Rodriguez vs. Penn,15-Jan-17,"Phoenix, Arizona, USA"
4b2390cfaceb91d8,UFC 207: Nunes vs. Rousey,30-Dec-16,"Las Vegas, Nevada, USA"
32541eb5d12668b4,UFC on FOX: VanZant vs. Waterson,17-Dec-16,"Sacramento, California, USA"
6e3282d57d2467a0,UFC 206: Holloway vs. Pettis,10-Dec-16,"Toronto, Ontario, Canada"
7139cd2ae4bf6a29,UFC Fight Night: Lewis vs. Abdurakhimov,9-Dec-16,"Albany, New York, USA"
bd4389b71fdc0ce2,The Ultimate Fighter: Tournament of Champions Finale,3-Dec-16,"Las Vegas, Nevada, USA"
73e09f837f3b5ecc,UFC Fight Night: Whittaker vs. Brunson,26-Nov-16,"Melbourne, Victoria, Australia"
5cde96e0a1a1fffe,UFC Fight Night: Bader vs. Nogueira,19-Nov-16,"Sao Paulo, Sao Paulo, Brazil"
6810d8d2dd557cf9,UFC Fight Night: Mousasi vs. Hall 2,19-Nov-16,"Belfast, Northern Ireland, United Kingdom"
4956f60b7fa57c1a,UFC 205: Alvarez vs McGregor,12-Nov-16,"New York City, New York, USA"
6083f497c22cc075,UFC Fight Night: Dos Anjos vs. Ferguson,5-Nov-16,"Mexico City, Distrito Federal, Mexico"
154a6b3ffae264cd,UFC 204: Bisping vs. Henderson,8-Oct-16,"Manchester, England, United Kingdom"
a196332ee4aa8a82,UFC Fight Night: Lineker vs. Dodson,1-Oct-16,"Portland, Oregon, USA"
e18012194473e8b0,UFC Fight Night: Cyborg vs. Lansberg,24-Sep-16,"Brasilia, Distrito Federal, Brazil"
d6455cb4bee503ce,UFC Fight Night: Poirier vs. Johnson,17-Sep-16,"Hidalgo, Texas, USA"
2dc7f1762dc0a7ef,UFC 203: Miocic vs. Overeem,10-Sep-16,"Cleveland, Ohio, USA"
2b4faacc16d66898,UFC Fight Night: Arlovski vs. Barnett,3-Sep-16,"Hamburg, Hamburg, Germany"
cfbccfed4e4796fe,UFC on FOX: Maia vs. Condit,27-Aug-16,"Vancouver, British Columbia, Canada"
5da4e8dc02e50ac0,UFC 202: Diaz vs. McGregor 2,20-Aug-16,"Las Vegas, Nevada, USA"
232c582f29f8f65e,UFC Fight Night: Rodriguez vs. Caceres,6-Aug-16,"Salt Lake City, Utah, USA"
72cbe507644a587c,UFC 201: Lawler vs. Woodley,30-Jul-16,"Atlanta, Georgia, USA"
8a028648f3f0761d,UFC on FOX: Holm vs. Shevchenko,23-Jul-16,"Chicago, Illinois, USA"
5e7a28f20927d64a,UFC Fight Night: McDonald vs. Lineker,13-Jul-16,"Sioux Falls, South Dakota, USA"
aa5b4eff51bdc7d1,UFC 200: Tate vs Nunes,9-Jul-16,"Las Vegas, Nevada, USA"
cd42bbe8887bba90,The Ultimate Fighter: Team Joanna vs. Team Cláudia Finale,8-Jul-16,"Las Vegas, Nevada, USA"
45a2ba3ef82b9700,UFC Fight Night: Dos Anjos vs. Alvarez,7-Jul-16,"Las Vegas, Nevada, USA"
563d051c9e769b24,UFC Fight Night: MacDonald vs Thompson,18-Jun-16,"Ottawa, Ontario, Canada"
ff4c3ab594c7fac3,UFC 199: Rockhold vs. Bisping 2,4-Jun-16,"Los Angeles, California, USA"
990060b2a68a7b82,UFC Fight Night: Almeida vs Garbrandt,29-May-16,"Las Vegas, Nevada, USA"
a4bf17bd3ba3423b,UFC 198: Werdum vs Miocic,14-May-16,"Curitiba, Parana, Brazil"
a314687f372b2cec,UFC Fight Night: Overeem vs Arlovski,8-May-16,"Rotterdam, Zuid-Holland, Netherlands"
3d481aa374c954a1,UFC 197: Jones vs Saint Preux,23-Apr-16,"Las Vegas, Nevada, USA"
e7e970d508529bf3,UFC on FOX: Teixeira vs Evans,16-Apr-16,"Tampa, Florida, USA"
4887e5bc4dbb73ff,UFC Fight Night: Rothwell vs Dos Santos,10-Apr-16,"Zagreb, Croatia"
e60201cfab7d656d,UFC Fight Night: Hunt vs Mir,19-Mar-16,"Brisbane, Queensland, Australia"
db1f2ed63b54b9a7,UFC 196: McGregor vs Diaz,5-Mar-16,"Las Vegas, Nevada, USA"
39c568f8c579913e,UFC Fight Night: Silva vs Bisping,27-Feb-16,"London, England, United Kingdom"
d56bb6dff2ae77eb,UFC Fight Night: Cowboy vs Cowboy,21-Feb-16,"Pittsburgh, Pennsylvania, USA"
de99da2c0d18d34a,UFC Fight Night: Hendricks vs Thompson,6-Feb-16,"Las Vegas, Nevada, USA"
b3fb8d2293e17a59,UFC on FOX: Johnson vs. Bader,30-Jan-16,"Newark, New Jersey, USA"
c6becb722706c7d8,UFC Fight Night: Dillashaw vs Cruz,17-Jan-16,"Boston, Massachusetts, USA"
380e8b023290d091,UFC 195: Lawler vs Condit,2-Jan-16,"Las Vegas, Nevada, USA"
80d918336163b80c,UFC on FOX: Dos Anjos vs. Cowboy 2,19-Dec-15,"Orlando, Florida, USA"
354808cf38d9d73c,UFC 194: Aldo vs McGregor,12-Dec-15,"Las Vegas, Nevada, USA"
20fbff570c678e1c,The Ultimate Fighter: Team McGregor vs. Team Faber Finale,11-Dec-15,"Las Vegas, Nevada, USA"
dd39f1ca787a3d9d,UFC Fight Night: Namajunas vs. VanZant,10-Dec-15,"Las Vegas, Nevada, USA"
4d636c3aa1105950,UFC Fight Night: Henderson vs Masvidal,28-Nov-15,"Seoul, South Korea"
243b07fc65ccbb16,UFC Fight Night: Magny vs Gastelum,21-Nov-15,"Monterrey, Nuevo Leon, Mexico"
8d04923f2db59b7f,UFC 193: Rousey vs Holm,14-Nov-15,"Melbourne, Victoria, Australia"
5345f86680378fc1,UFC Fight Night: Belfort vs Henderson 3,7-Nov-15,"Sao Paulo, Sao Paulo, Brazil"
f3155a94ca420126,UFC Fight Night: Holohan vs Smolka,24-Oct-15,"Dublin, Leinster, Ireland"
119ebea97e914dcf,UFC 192: Cormier vs Gustafsson,3-Oct-15,"Houston, Texas, USA"
a4dd5c9a75763295,UFC Fight Night: Barnett vs Nelson,26-Sep-15,"Saitama, Japan"
82f5c81f4e3c3eb5,UFC 191: Johnson vs Dodson 2,5-Sep-15,"Las Vegas, Nevada, USA"
2ce6541127b0e232,UFC Fight Night: Holloway vs Oliveira,23-Aug-15,"Saskatoon, Saskatchewan, Canada"
b71667c778b6d9e5,UFC Fight Night: Teixeira vs Saint Preux,8-Aug-15,"Nashville, Tennessee, USA"
a9c45a8b21eabadc,UFC 190: Rousey vs Correia,1-Aug-15,"Rio de Janeiro, Rio de Janeiro, Brazil"
0c3838c8f7c620c2,UFC on FOX: Dillashaw vs. Barao II,25-Jul-15,"Chicago, Illinois, USA"
ef7fa30364cbe7f2,UFC Fight Night: Bisping vs Leites,18-Jul-15,"Glasgow, Scotland, United Kingdom"
36877f0e62b25b96,UFC Fight Night: Mir vs Duffee,15-Jul-15,"San Diego, California, USA"
a890f9a791ed615d,The Ultimate Fighter: American Top Team vs. Blackzilians Finale,12-Jul-15,"Las Vegas, Nevada, USA"
3be081c29bf734d9,UFC 189: Mendes vs McGregor,11-Jul-15,"Las Vegas, Nevada, USA"
86e388ed20761ad9,UFC Fight Night: Machida vs Romero,27-Jun-15,"Hollywood, Florida, USA"
194fc025f9355db6,UFC Fight Night: Jedrzejczyk vs Penne,20-Jun-15,"Berlin, Berlin, Germany"
a58114c6dd0add64,UFC 188: Velasquez vs Werdum,13-Jun-15,"Mexico City, Distrito Federal, Mexico"
06dc1a58663579d2,UFC Fight Night: Boetsch vs Henderson,6-Jun-15,"New Orleans, Louisiana, USA"
aae0897825336b1a,UFC Fight Night: Condit vs Alves,30-May-15,"Goiania, Goias, Brazil"
4f7e290e71d60f87,UFC 187: Johnson vs Cormier,23-May-15,"Las Vegas, Nevada, USA"
b1605ea39fba6af6,UFC Fight Night: Edgar vs Faber,16-May-15,"Manila, Philippines"
8a1b4330c7957961,UFC Fight Night: Miocic vs Hunt,9-May-15,"Adelaide, South Australia, Australia"
997b4f52f76a0b53,UFC 186: Johnson vs Horiguchi,25-Apr-15,"Montreal, Quebec, Canada"
bc7cf284c1c2f16e,UFC on FOX: Machida vs Rockhold,18-Apr-15,"Newark, New Jersey, USA"
5de61b03868035ff,UFC Fight Night: Gonzaga vs Cro Cop 2,11-Apr-15,"Krakow, Poland"
16d09e800ad7ec79,UFC Fight Night: Mendes vs Lamas,4-Apr-15,"Fairfax, Virginia, USA"
fa534853eb195270,UFC Fight Night: Maia vs LaFlare,21-Mar-15,"Rio de Janeiro, Brazil"
f54200f1dfb9b5d4,UFC 185: Pettis vs Dos Anjos,14-Mar-15,"Dallas, Texas, USA"
ad4e9055bf8cd04d,UFC 184: Rousey vs Zingano,28-Feb-15,"Los Angeles, California, USA"
0577808d22dfe79c,UFC Fight Night: Bigfoot vs Mir,22-Feb-15,"Porto Alegre, Rio Grande do Sul, Brazil"
f9c7fe2682af3802,UFC Fight Night: Henderson vs Thatch,14-Feb-15,"Broomfield, Colorado, USA"
43563a32c3f10e95,UFC 183: Silva vs Diaz,31-Jan-15,"Las Vegas, Nevada, USA"
706404da0775dcbc,UFC on FOX: Gustafsson vs Johnson,24-Jan-15,"Stockholm, Sweden"
f9aa6376ae16bfb4,UFC Fight Night: McGregor vs Siver,18-Jan-15,"Boston, Massachusetts, USA"
a72d260b436924c4,UFC 182: Jones vs Cormier,3-Jan-15,"Las Vegas, Nevada, USA"
4e5bbc4566049cbf,UFC Fight Night: Machida vs Dollaway,20-Dec-14,"Barueri, Sao Paulo, Brazil"
d4a12dfa4067742f,UFC on FOX: Dos Santos vs Miocic,13-Dec-14,"Phoenix, Arizona, USA"
222d6b547de2e035,The Ultimate Fighter: A Champion Will Be Crowned Finale,12-Dec-14,"Las Vegas, Nevada, USA"
dfdd0c5dd0d4bc23,UFC 181: Hendricks vs Lawler II,6-Dec-14,"Las Vegas, Nevada, USA"
155a02a8b4311057,UFC Fight Night: Edgar vs Swanson,22-Nov-14,"Austin, Texas, USA"
59851163aaf1aed8,UFC 180: Werdum vs Hunt,15-Nov-14,"Mexico City, Distrito Federal, Mexico"
6ca68b636fbc1f18,UFC Fight Night 56: Shogun vs Saint Preux,8-Nov-14,"Uberlandia, Minas Gerais, Brazil"
371a1c91b24dec2b,UFC Fight Night: Rockhold vs Bisping,7-Nov-14,"Sydney, New South Wales, Australia"
53f02bbc41d99432,UFC 179: Aldo vs Mendes 2,25-Oct-14,"Rio de Janeiro, Brazil"
0313bf497de9c470,UFC Fight Night: MacDonald vs Saffiedine,4-Oct-14,"Halifax, Nova Scotia, Canada"
8dc4f34c1f50d00d,UFC Fight Night: Nelson vs Story,4-Oct-14,"Stockholm, Sweden"
3bb030257966b022,UFC 178: Johnson vs Cariaso,27-Sep-14,"Las Vegas, Nevada, USA"
2dea80c069847321,UFC Fight Night: Hunt vs Nelson,20-Sep-14,"Saitama, Japan"
a71feb7ea7592a71,UFC Fight Night: Bigfoot vs Arlovski,13-Sep-14,"Brasilia, Distrito Federal, Brazil"
9bcfb40dbcd50568,UFC Fight Night: Jacare vs Mousasi,5-Sep-14,"Ledyard, Connecticut, USA"
269d103c96a4c3a5,UFC 177: Dillashaw vs Soto,30-Aug-14,"Sacramento, California, USA"
063649e21bc9d6d5,UFC Fight Night: Henderson vs Dos Anjos,23-Aug-14,"Tulsa, Oklahoma, USA"
770b9d4813c25902,UFC Fight Night: Bisping vs Le,23-Aug-14,"Macau, China"
fd7acf42bd6e7e95,UFC Fight Night: Bader vs Saint Preux,16-Aug-14,"Bangor, Maine, USA"
05fbfe628658c538,UFC on FOX: Lawler vs Brown,26-Jul-14,"San Jose, California, USA"
073eee4e62f0d988,UFC Fight Night: McGregor vs Brandao,19-Jul-14,"Dublin, Leinster, Ireland"
79ded75550efc139,UFC Fight Night: Cowboy vs Miller,16-Jul-14,"Atlantic City, New Jersey, USA"
1c5879330d42255f,The Ultimate Fighter: Team Edgar vs. Team Penn Finale,6-Jul-14,"Las Vegas, Nevada, USA"
53adf5b845d91e4a,UFC 175: Weidman vs Machida,5-Jul-14,"Las Vegas, Nevada, USA"
c0ed7b208197e8de,UFC Fight Night: Swanson vs Stephens,28-Jun-14,"San Antonio, Texas, USA"
ac9521250dc1a14c,UFC Fight Night: Te Huna vs Marquardt,28-Jun-14,"Auckland, New Zealand"
5b5307450405abf0,UFC 174: Johnson vs Bagautinov,14-Jun-14,"Vancouver, British Columbia, Canada"
1fcfc3709fe58151,UFC Fight Night: Henderson vs Khabilov,7-Jun-14,"Albuquerque, New Mexico, USA"
59aaf2730b84698a,UFC Fight Night: Miocic vs Maldonado,31-May-14,"Sao Paulo, Brazil"
b757c73f443d4fca,UFC Fight Night: Munoz vs Mousasi,31-May-14,"Berlin, Germany"
9ca265dfe8323db3,UFC 173: Barao vs Dillashaw,24-May-14,"Las Vegas, Nevada, USA"
579fcdfcabd23a7b,UFC Fight Night: Brown vs Silva,10-May-14,"Cincinnati, Ohio, USA"
4f2fcbefb668689d,UFC 172: Jones vs Teixeira,26-Apr-14,"Baltimore, Maryland, USA"
a421465acbe59c77,UFC on FOX: Werdum vs Browne,19-Apr-14,"Orlando, Florida, USA"
f9f07bb5a43535ed,UFC Fight Night: Bisping vs Kennedy,16-Apr-14,"Quebec City, Quebec, Canada"
d632d156c0549e07,UFC Fight Night: Minotauro vs Nelson,11-Apr-14,"Abu Dhabi, United Arab Emirates"
d5f820c11a121050,UFC Fight Night: Shogun vs Henderson 2,23-Mar-14,"Natal, Rio Grande do Norte, Brazil"
179f1948dc234f1f,UFC 171: Hendricks vs Lawler,15-Mar-14,"Dallas, Texas, USA"
ebc1f40e00e0c481,UFC Fight Night: Gustafsson vs Manuwa,8-Mar-14,"London, England, United Kingdom"
a26198ba5093147e,UFC Fight Night: Kim vs Hathaway,1-Mar-14,"Macau, China"
3138fab619faf4d1,UFC 170: Rousey vs McMann,22-Feb-14,"Las Vegas, Nevada, USA"
51b0bb73a1da34bc,UFC Fight Night: Machida vs Mousasi,15-Feb-14,"Jaragua do Sul, Santa Catarina, Brazil"
fc31f896cde2bc2e,UFC 169: Barao vs Faber 2,1-Feb-14,"Newark, New Jersey, USA"
a8d521d913df4e31,UFC on FOX: Henderson vs Thomson,25-Jan-14,"Chicago, Illinois, USA"
30a09e43f15f1d75,UFC Fight Night: Rockhold vs Philippou,15-Jan-14,"Duluth, Georgia, USA"
e5c9de15bb58b1c6,UFC Fight Night: Saffiedine vs Lim,4-Jan-14,"Singapore, Singapore"
83d0de122f2f9664,UFC 168: Weidman vs Silva 2,28-Dec-13,"Las Vegas, Nevada, USA"
480b702debcb5433,UFC on FOX: Johnson vs. Benavidez 2,14-Dec-13,"Sacramento, California, USA"
ee457ef1e1c326c1,UFC Fight Night: Hunt vs Bigfoot,6-Dec-13,"Brisbane, Queensland, Australia"
9a967e8e43dcef63,The Ultimate Fighter: Team Rousey vs. Team Tate Finale,30-Nov-13,"Las Vegas, Nevada, USA"
28f3c2258a1d8874,UFC 167: St-Pierre vs Hendricks,16-Nov-13,"Las Vegas, Nevada, USA"
5d7c18191b8aa432,UFC Fight Night: Belfort vs Henderson 2,9-Nov-13,"Goiania, Goias, Brazil"
35dc6220b113b7ec,UFC Fight Night: Fight for the Troops 3,6-Nov-13,"Fort Campbell, Kentucky, USA"
60884f31ead1609c,UFC Fight Night: Machida vs Munoz,26-Oct-13,"Manchester, England, United Kingdom"
eae4aec1a5a8ff01,UFC 166: Velasquez vs Dos Santos 3,19-Oct-13,"Houston, Texas, USA"
43612456979e5d5e,UFC Fight Night: Maia vs Shields,9-Oct-13,"Barueri, Sao Paulo, Brazil"
df5a77121ba84a5d,UFC 165: Jones vs Gustafsson,21-Sep-13,"Toronto, Ontario, Canada"
b23fca14c7b79935,UFC Fight Night: Teixeira vs Bader,4-Sep-13,"Belo Horizonte, Minas Gerais, Brazil"
980b4e712489098e,UFC 164: Henderson vs Pettis 2,31-Aug-13,"Milwaukee, Wisconsin, USA"
e5c38954c006f15c,UFC Fight Night: Condit vs Kampmann 2,28-Aug-13,"Indianapolis, Indiana, USA"
cf1a88371c8cb690,UFC Fight Night: Shogun vs Sonnen,17-Aug-13,"Boston, Massachusetts, USA"
ebc5af72ad5a28cb,UFC 163: Aldo vs Jung,3-Aug-13,"Rio de Janeiro, Brazil"
5330fe7e4c3af81c,UFC on FOX: Johnson vs Moraga,27-Jul-13,"Seattle, Washington, USA"
e0b74df14f52cd15,UFC 162: Silva vs Weidman,6-Jul-13,"Las Vegas, Nevada, USA"
8fd1f27e86661ede,UFC 161: Evans vs Henderson,15-Jun-13,"Winnipeg, Manitoba, Canada"
7865707fd684d77b,UFC on FUEL TV: Nogueira vs. Werdum,8-Jun-13,"Fortaleza, Ceara, Brazil"
3c241737a6069b9f,UFC 160: Velasquez vs Silva 2,25-May-13,"Las Vegas, Nevada, USA"
030f08370fd1c2bb,UFC on FX: Belfort vs. Rockhold,18-May-13,"Jaragua do Sul, Santa Catarina, Brazil"
ea0ad155451ed1f5,UFC 159: Jones vs Sonnen,27-Apr-13,"Newark, New Jersey, USA"
aa79d5399571068e,UFC on FOX: Henderson vs Melendez,20-Apr-13,"San Jose, California, USA"
ce47f49e5c386a9c,The Ultimate Fighter: Team Jones vs. Team Sonnen Finale,13-Apr-13,"Las Vegas, Nevada, USA"
6291ac0a3726732f,UFC on FUEL TV: Mousasi vs Latifi,6-Apr-13,"Stockholm, Sweden"
f1b2a4365799c48b,UFC 158: St-Pierre vs Diaz,16-Mar-13,"Montreal, Quebec, Canada"
83c6c3e0f8bde8ee,UFC on FUEL TV: Silva vs. Stann,2-Mar-13,"Saitama, Japan"
09c44b317c98bf96,UFC 157: Rousey vs Carmouche,23-Feb-13,"Anaheim, California, USA"
4679a38cced7c64a,UFC on FUEL TV: Barao vs McDonald,16-Feb-13,"London, England, United Kingdom"
601cf40c09090853,UFC 156: Aldo vs Edgar,2-Feb-13,"Las Vegas, Nevada, USA"
738acab0c6934dd8,UFC on FOX: Johnson vs Dodson,26-Jan-13,"Chicago, Illinois, USA"
56f4b81ec4db61af,UFC on FX: Belfort vs Bisping,19-Jan-13,"Sao Paulo, Brazil"
c6e6926a81adcd00,UFC 155: Dos Santos vs Velasquez II,29-Dec-12,"Las Vegas, Nevada, USA"
c6da1c24fe473418,The Ultimate Fighter: Team Carwin vs. Team Nelson Finale,15-Dec-12,"Las Vegas, Nevada, USA"
e8c170a64dc920ac,UFC on FX: Sotiropoulos vs Pearson,14-Dec-12,"Gold Coast, Queensland, Australia"
d1e6a6536ee62517,UFC on FOX: Henderson vs Diaz,8-Dec-12,"Seattle, Washington, USA"
d41937647eae9a34,UFC 154: St-Pierre vs Condit,17-Nov-12,"Montreal, Quebec, Canada"
319fa1bd3176bded,UFC Macao: Franklin vs Le,10-Nov-12,"Macau, China"
96d173b7f92aa520,UFC 153: Silva vs Bonnar,13-Oct-12,"Rio de Janeiro, Brazil"
6a0b80a24f22e152,UFC on FX: Browne vs Bigfoot,5-Oct-12,"Minneapolis, Minnesota, USA"
6cbb7661c3258617,UFC on FUEL TV: Struve vs Miocic,29-Sep-12,"Nottingham, England, United Kingdom"
53e533db1b8e9712,UFC 152: Jones vs Belfort,22-Sep-12,"Toronto, Ontario, Canada"
3c48019bc387b80c,UFC 150: Henderson vs Edgar II,11-Aug-12,"Denver, Colorado, USA"
f62850b3c7480db9,UFC on FOX: Shogun vs Vera,4-Aug-12,"Los Angeles, California, USA"
abbc4fc02e0d84b3,UFC 149: Faber vs Barao,21-Jul-12,"Calgary, Alberta, Canada"
d3b5ad3b15a64a18,UFC on FUEL TV: Munoz vs Weidman,11-Jul-12,"San Jose, California, USA"
e8efeb9cf33b1941,UFC 148: Silva vs Sonnen 2,7-Jul-12,"Las Vegas, Nevada, USA"
3da19339ee7051d5,UFC 147: Silva vs Franklin 2,23-Jun-12,"Belo Horizonte, Minas Gerais, Brazil"
505934897b8b4824,UFC on FX: Maynard vs Guida,22-Jun-12,"Atlantic City, New Jersey, USA"
49590e0508b2c19f,UFC on FX: Johnson vs McCall,8-Jun-12,"Sunrise, Florida, USA"
96087e90d900f0ef,The Ultimate Fighter: Live Finale,1-Jun-12,"Las Vegas, Nevada, USA"
4985113c0928aa62,UFC 146: Dos Santos vs Mir,26-May-12,"Las Vegas, Nevada, USA"
8caca5857ce0e30b,UFC on FUEL TV: Korean Zombie vs Poirier,15-May-12,"Fairfax, Virginia, USA"
5898357a45a73674,UFC on FOX: Diaz vs Miller,5-May-12,"East Rutherford, New Jersey, USA"
155bfc7ed36622df,UFC 145: Jones vs Evans,21-Apr-12,"Atlanta, Georgia, USA"
21f2974fd08085e3,UFC on FUEL TV: Gustafsson vs Silva,14-Apr-12,"Stockholm, Sweden"
b5ea750025697880,UFC on FX: Alves vs Kampmann,2-Mar-12,"Sydney, New South Wales, Australia"
8377c5572cb356f3,UFC 144: Edgar vs Henderson,25-Feb-12,"Saitama, Japan"
0a97691039c4bbfb,UFC on FUEL TV: Sanchez vs Ellenberger,15-Feb-12,"Omaha, Nebraska, USA"
df2cf66d8c0123db,UFC 143: Diaz vs Condit,4-Feb-12,"Las Vegas, Nevada, USA"
c3c23c99477c041b,UFC on FOX: Evans vs Davis,28-Jan-12,"Chicago, Illinois, USA"
4d74641fac830182,UFC on FX: Guillard vs Miller,20-Jan-12,"Nashville, Tennessee, USA"
18524b46c570730b,UFC 142: Aldo vs Mendes,14-Jan-12,"Rio de Janeiro, Brazil"
91720876db0ee468,UFC 141: Lesnar vs Overeem,30-Dec-11,"Las Vegas, Nevada, USA"
6d7886b094b471ac,UFC 140: Jones vs Machida,10-Dec-11,"Toronto, Ontario, Canada"
1f5f75658551f2d3,The Ultimate Fighter: Team Bisping vs Team Miller Finale,3-Dec-11,"Las Vegas, Nevada, USA"
0ec821423baa26bd,UFC 139: Shogun vs Henderson,19-Nov-11,"San Jose, California, USA"
1c061eb6e29eaa0a,UFC on FOX: Velasquez vs Dos Santos,12-Nov-11,"Anaheim, California, USA"
e780ccc79a209985,UFC 138: Leben vs Munoz,5-Nov-11,"Birmingham, England, United Kingdom"
8788beb528894f33,UFC 137: Penn vs Diaz,29-Oct-11,"Las Vegas, Nevada, USA"
7d5b12de1625984e,UFC 136: Edgar vs Maynard 3,8-Oct-11,"Houston, Texas, USA"
44f9c777fed7ca03,UFC Live: Cruz vs Johnson,1-Oct-11,"Washington, DC, USA"
73ef22f25d0f70e2,UFC 135: Jones vs Rampage,24-Sep-11,"Denver, Colorado, USA"
1ffc38f67785797b,UFC Fight Night: Shields vs Ellenberger,17-Sep-11,"New Orleans, Louisiana, USA"
18968f97ad34f15c,UFC 134: Silva vs Okami,27-Aug-11,"Rio de Janeiro, Brazil"
4c8d6fde2dde07c4,UFC Live: Hardy vs Lytle,14-Aug-11,"Milwaukee, Wisconsin, USA"
f1f9e48a0d150757,UFC 133: Evans vs Ortiz 2,6-Aug-11,"Philadelphia, Pennsylvania, USA"
83fd97284f4bb4a4,UFC 132: Cruz vs Faber,2-Jul-11,"Las Vegas, Nevada, USA"
d023ae89a2a4a41e,UFC Live: Kongo vs Barry,26-Jun-11,"Pittsburgh, Pennsylvania, USA"
aac5ac38148f0528,UFC 131: Dos Santos vs Carwin,11-Jun-11,"Vancouver, British Columbia, Canada"
3ba3b5cc94498437,The Ultimate Fighter: Team Lesnar vs Team dos Santos Finale,4-Jun-11,"Las Vegas, Nevada, USA"
b732b326c362fb62,UFC 130: Rampage vs Hamill,28-May-11,"Las Vegas, Nevada, USA"
2db7fa8db6bc9632,UFC 129: St-Pierre vs Shields,30-Apr-11,"Toronto, Ontario, Canada"
8a59d346dc976a10,UFC Fight Night: Nogueira vs Davis,26-Mar-11,"Seattle, Washington, USA"
1411c630ba711b64,UFC 128: Shogun vs Jones,19-Mar-11,"Newark, New Jersey, USA"
a54fc2d6fc224dc3,UFC Live: Sanchez vs Kampmann,3-Mar-11,"Louisville, Kentucky, USA"
88a9bc81271ccd89,UFC 127: Penn vs Fitch,26-Feb-11,"Sydney, New South Wales, Australia"
65ddc8a9ac4e8531,UFC 126: Silva vs Belfort,5-Feb-11,"Las Vegas, Nevada, USA"
282fa667ff9c51ed,UFC Fight Night: Fight for the Troops 2,22-Jan-11,"Killeen, Texas, USA"
d1152823307d7e7c,UFC 125: Resolution,1-Jan-11,"Las Vegas, Nevada, USA"
132f860d02953f4c,UFC 124: St-Pierre vs Koscheck 2,11-Dec-10,"Montreal, Quebec, Canada"
5d7bdab5e03e3216,The Ultimate Fighter: Team GSP vs Team Koscheck Finale,4-Dec-10,"Las Vegas, Nevada, USA"
dd992d569aaebee6,UFC 123: Rampage vs Machida,20-Nov-10,"Auburn Hills, Michigan, USA"
0ff11cc094e887bc,UFC 122: Marquardt vs Okami,13-Nov-10,"Oberhausen, North Rhine-Westphalia, Germany"
afdb76fbd86f6d11,UFC 121: Lesnar vs Velasquez,23-Oct-10,"Anaheim, California, USA"
d512d9f204059f57,UFC 120: Bisping vs Akiyama,16-Oct-10,"London, England, United Kingdom"
ad32471f01e7b1a5,UFC 119: Mir vs Cro Cop,25-Sep-10,"Indianapolis, Indiana, USA"
acff437707625fc7,UFC Fight Night: Marquardt vs Palhares,15-Sep-10,"Austin, Texas, USA"
054defd5420a551f,UFC 118: Edgar vs Penn 2,28-Aug-10,"Boston, Massachusetts, USA"
2f3f12002564bb55,UFC 117: Silva vs Sonnen,7-Aug-10,"Oakland, California, USA"
f12f979b657ab876,UFC Live: Jones vs Matyushenko,1-Aug-10,"San Diego, California, USA"
140745cbbcb023ac,UFC 116: Lesnar vs Carwin,3-Jul-10,"Las Vegas, Nevada, USA"
9bcf8603ceb25680,The Ultimate Fighter: Team Liddell vs Team Ortiz Finale,19-Jun-10,"Las Vegas, Nevada, USA"
cfb65863d5099327,UFC 115: Liddell vs Franklin,12-Jun-10,"Vancouver, British Columbia, Canada"
bfc2fc38a0e20211,UFC 114: Rampage vs Evans,29-May-10,"Las Vegas, Nevada, USA"
d0c29452d3272603,UFC 113: Machida vs Shogun 2,8-May-10,"Montreal, Quebec, Canada"
24b033b3daf1c9df,UFC 112: Invincible,10-Apr-10,"Abu Dhabi, United Arab Emirates"
3ed134d85dfbd7b4,UFC Fight Night: Florian vs Gomi,31-Mar-10,"Charlotte, North Carolina, USA"
c80095f6092271a7,UFC 111: St-Pierre vs Hardy,27-Mar-10,"Newark, New Jersey, USA"
3795fca327cbcf23,UFC Live: Vera vs Jones,21-Mar-10,"Broomfield, Colorado, USA"
49efbdc6c9f650c4,UFC 110: Nogueira vs Velasquez,20-Feb-10,"Sydney, New South Wales, Australia"
15edcf67ccf5be84,UFC 109: Relentless,6-Feb-10,"Las Vegas, Nevada, USA"
58bc81376286b3d3,UFC Fight Night: Maynard vs Diaz,11-Jan-10,"Fairfax, Virginia, USA"
a6d8bfe9e0c8153b,UFC 108: Evans vs Silva,2-Jan-10,"Las Vegas, Nevada, USA"
821cd80aab70d5f9,UFC 107: Penn vs Sanchez,12-Dec-09,"Memphis, Tennessee, USA"
91d73ee59347ac16,The Ultimate Fighter: Heavyweights Finale,5-Dec-09,"Las Vegas, Nevada, USA"
84a067c46306a737,UFC 106: Ortiz vs Griffin 2,21-Nov-09,"Las Vegas, Nevada, USA"
fa8b9e6b0c2269f8,UFC 105: Couture vs Vera,14-Nov-09,"Manchester, England, United Kingdom"
7c0847d3854a95f2,UFC 104: Machida vs Shogun,24-Oct-09,"Los Angeles, California, USA"
896c322f56b8be5a,UFC 103: Franklin vs Belfort,19-Sep-09,"Dallas, Texas, USA"
a8ea84cbe1655f0a,UFC Fight Night: Diaz vs Guillard,16-Sep-09,"Oklahoma City, Oklahoma, USA"
c6a33ff198aaaeeb,UFC 102: Couture vs Nogueira,29-Aug-09,"Portland, Oregon, USA"
48d1f690b763934c,UFC 101: Declaration,8-Aug-09,"Philadelphia, Pennsylvania, USA"
0ee783aa00e468f0,UFC 100,11-Jul-09,"Las Vegas, Nevada, USA"
4908c5ee68a50ee5,The Ultimate Fighter: United States vs. United Kingdom Finale,20-Jun-09,"Las Vegas, Nevada, USA"
cb6783c39c01d896,UFC 99: The Comeback,13-Jun-09,"Cologne, North Rhine-Westphalia, Germany"
c4b6099f0d25f75e,UFC 98: Evans vs Machida,23-May-09,"Las Vegas, Nevada, USA"
1652f3213655b935,UFC 97: Redemption,18-Apr-09,"Montreal, Quebec, Canada"
04d5718ed2661e8c,UFC Fight Night: Condit vs Kampmann,1-Apr-09,"Nashville, Tennessee, USA"
29b5791e51e7e832,UFC 96: Jackson vs Jardine,7-Mar-09,"Columbus, Ohio, USA"
7d21de9c6d7c98b2,UFC 95: Sanchez vs Stevenson,21-Feb-09,"London, England, United Kingdom"
d1759b2b7be9be56,UFC Fight Night: Lauzon vs Stephens,7-Feb-09,"Tampa, Florida, USA"
2a542ee8a8b83559,UFC 94: St-Pierre vs Penn 2,31-Jan-09,"Las Vegas, Nevada, USA"
68c6cd5287b473a7,UFC 93: Franklin vs Henderson,17-Jan-09,"Dublin, Leinster, Ireland"
23ab42947c1990e3,UFC 92: The Ultimate 2008,27-Dec-08,"Las Vegas, Nevada, USA"
ea398c802d9998ee,The Ultimate Fighter: Team Nogueira vs. Team Mir Finale,13-Dec-08,"Las Vegas, Nevada, USA"
30cd319d39ee689b,UFC Fight Night - Fight for the Troops,10-Dec-08,"Fayetteville, North Carolina, USA"
a2b06ca02bca14c0,UFC 91: Couture vs Lesnar,15-Nov-08,"Las Vegas, Nevada, USA"
c670aa48827d6be6,UFC 90: Silva vs Cote,25-Oct-08,"Rosemont, Illinois, USA"
312f47c3d2f83ffa,UFC 89: Bisping vs Leben,18-Oct-08,"Birmingham, England, United Kingdom"
279093302a6f44b3,UFC Fight Night: Diaz vs Neer,17-Sep-08,"Omaha, Nebraska, USA"
0db70ca89e1c7374,UFC 88: Breakthrough,6-Sep-08,"Atlanta, Georgia, USA"
19ffeb5e3fffd6d5,UFC 87: Seek And Destroy,9-Aug-08,"Minneapolis, Minnesota, USA"
46f11d15c0134fe3,UFC: Silva vs Irvin,19-Jul-08,"Las Vegas, Nevada, USA"
bf12aca029bfcc47,UFC 86: Jackson vs Griffin,5-Jul-08,"Las Vegas, Nevada, USA"
2299605af59fd309,The Ultimate Fighter: Team Rampage vs Team Forrest Finale,21-Jun-08,"Las Vegas, Nevada, USA"
2efbc83a6b9b7f86,UFC 85: Bedlam,7-Jun-08,"London, England, United Kingdom"
2549d63da9c456cb,UFC 84: Ill Will,24-May-08,"Las Vegas, Nevada, USA"
ad047e3073a775f3,UFC 83: Serra vs St-Pierre 2,19-Apr-08,"Montreal, Quebec, Canada"
b9e871af730f826c,UFC Fight Night: Florian vs Lauzon,2-Apr-08,"Broomfield, Colorado, USA"
598a58db87b890ee,UFC 82: Pride of a Champion,1-Mar-08,"Columbus, Ohio, USA"
597db668b01c442c,UFC 81: Breaking Point,2-Feb-08,"Las Vegas, Nevada, USA"
33e33d51f289d2a1,UFC Fight Night: Swick vs Burkman,23-Jan-08,"Las Vegas, Nevada, USA"
a24e080000fa7a35,UFC 80: Rapid Fire,19-Jan-08,"Newcastle, England, United Kingdom"
7269329bd87eb479,UFC 79: Nemesis,29-Dec-07,"Las Vegas, Nevada, USA"
df85d6ec3493d120,The Ultimate Fighter: Team Hughes vs. Team Serra Finale,8-Dec-07,"Las Vegas, Nevada, USA"
1d147d4163a6989b,UFC 78: Validation,17-Nov-07,"Newark, New Jersey, USA"
91181b29be041f1c,UFC 77: Hostile Territory,20-Oct-07,"Cincinnati, Ohio, USA"
bad28b7b34f334de,UFC 76: Knockout,22-Sep-07,"Anaheim, California, USA"
f341f9551ba744e2,UFC Fight Night: Thomas vs Florian,19-Sep-07,"Las Vegas, Nevada, USA"
0aa92558424ced9e,UFC 75: Champion vs Champion,8-Sep-07,"London, England, United Kingdom"
a5c53b3ddb31cc7d,UFC 74: Respect,25-Aug-07,"Las Vegas, Nevada, USA"
2a6f8136da1e52c0,UFC 73: Stacked,7-Jul-07,"Sacramento, California, USA"
e7ec11096eac0282,The Ultimate Fighter: Team Pulver vs. Team Penn Finale,23-Jun-07,"Las Vegas, Nevada, USA"
5ca158b1cc9cb242,UFC 72: Victory,16-Jun-07,"Belfast, Northern Ireland, United Kingdom"
304fcd812f12c589,UFC Fight Night: Stout vs Fisher,12-Jun-07,"Hollywood, Florida, USA"
2e04a3b4a2011b97,UFC 71: Liddell vs Jackson,26-May-07,"Las Vegas, Nevada, USA"
4604ab1de9058474,UFC 70: Nations Collide,21-Apr-07,"Manchester, England, United Kingdom"
c1684f00c626f4c0,UFC 69: Shootout,7-Apr-07,"Houston, Texas, USA"
a6c2f5381d575920,UFC Fight Night: Stevenson vs Guillard,5-Apr-07,"Las Vegas, Nevada, USA"
de3ed2e152520c8d,UFC 68: The Uprising,3-Mar-07,"Columbus, Ohio, USA"
63b65af1c5cb02cb,UFC 67: All or Nothing,3-Feb-07,"Las Vegas, Nevada, USA"
13c4313ed0f744f3,UFC Fight Night: Evans vs Salmon,25-Jan-07,"Hollywood, Florida, USA"
ee5df903f80c6816,UFC 66: Liddell vs Ortiz 2,30-Dec-06,"Las Vegas, Nevada, USA"
21b8a0f5c231096f,UFC Fight Night: Sanchez vs Riggs,13-Dec-06,"San Diego, California, USA"
3fed746acfd026dd,UFC 65: Bad Intentions,18-Nov-06,"Sacramento, California, USA"
baf942f4bcb09894,The Ultimate Fighter: The Comeback Finale,11-Nov-06,"Las Vegas, Nevada, USA"
13b2f59210dda9cc,UFC 64: Unstoppable,14-Oct-06,"Las Vegas, Nevada, USA"
577ec7e108b94be3,Ortiz vs Shamrock 3: The Final Chapter,10-Oct-06,"Hollywood, Florida, USA"
13e62d766b709aa6,UFC 63: Hughes vs Penn,23-Sep-06,"Anaheim, California, USA"
f717b6002486f73f,UFC 62: Liddell vs Sobral,26-Aug-06,"Las Vegas, Nevada, USA"
46c8ec317aff28ac,UFC Fight Night 6,17-Aug-06,"Las Vegas, Nevada, USA"
f70144caea5c4c80,UFC 61: Bitter Rivals,8-Jul-06,"Las Vegas, Nevada, USA"
445a98acb8985970,UFC Fight Night 5,28-Jun-06,"Las Vegas, Nevada, USA"
1dab0d1d81dd06db,The Ultimate Fighter: Team Ortiz vs. Team Shamrock Finale,24-Jun-06,"Las Vegas, Nevada, USA"
a54a35a670d8e852,UFC 60: Hughes vs Gracie,27-May-06,"Los Angeles, California, USA"
03688dc3c3af3ac1,UFC 59: Reality Check,15-Apr-06,"Anaheim, California, USA"
b361180739bed4b0,UFC Fight Night 4,6-Apr-06,"Las Vegas, Nevada, USA"
0e9869d712e81f8f,UFC 58: USA vs Canada,4-Mar-06,"Las Vegas, Nevada, USA"
977081bc01197656,UFC 57: Liddell vs Couture 3,4-Feb-06,"Las Vegas, Nevada, USA"
2ee09ec2a0695eb9,UFC Fight Night 3,16-Jan-06,"Las Vegas, Nevada, USA"
c7e9d15cfce52f1d,UFC 56: Full Force,19-Nov-05,"Las Vegas, Nevada, USA"
31ceaf0e670c1578,The Ultimate Fighter: Team Hughes vs. Team Franklin Finale,5-Nov-05,"Las Vegas, Nevada, USA"
271fe91f4ba9d2c5,UFC 55: Fury,7-Oct-05,"Uncasville, Connecticut, USA"
efaf544314bb5c2e,UFC Fight Night 2,3-Oct-05,"Las Vegas, Nevada, USA"
669a3cb6e394f515,UFC 54: Boiling Point,20-Aug-05,"Las Vegas, Nevada, USA"
3f24c96753dbd9f9,UFC Fight Night 1,6-Aug-05,"Las Vegas, Nevada, USA"
d3711d3784b76255,UFC 53: Heavy Hitters,4-Jun-05,"Atlantic City, New Jersey, USA"
c933d423ebdbbbdb,UFC 52: Couture vs Liddell 2,16-Apr-05,"Las Vegas, Nevada, USA"
fbbde91f7bc2d3c5,The Ultimate Fighter: Team Couture vs. Team Liddell Finale,9-Apr-05,"Las Vegas, Nevada, USA"
85d905f7c4f5a1af,UFC 51: Super Saturday,5-Feb-05,"Las Vegas, Nevada, USA"
ce783bf73b5131f9,UFC 50: The War Of '04,22-Oct-04,"Atlantic City, New Jersey, USA"
b4bc2e3353a770b5,UFC 49: Unfinished Business,21-Aug-04,"Las Vegas, Nevada, USA"
429e7d3725852ce9,UFC 48: Payback,19-Jun-04,"Las Vegas, Nevada, USA"
e8fb8e53bc2e29d6,UFC 47: It's On!,2-Apr-04,"Las Vegas, Nevada, USA"
94609dd91731d428,UFC 46: Supernatural,31-Jan-04,"Las Vegas, Nevada, USA"
e670f8cc2969a789,UFC 45: Revolution,21-Nov-03,"Uncasville, Connecticut, USA"
c61f66d8c3fd5f07,UFC 44: Undisputed,26-Sep-03,"Las Vegas, Nevada, USA"
108afe61a26bcbf4,UFC 43: Meltdown,6-Jun-03,"Las Vegas, Nevada, USA"
ae58685caf8e4a0d,UFC 42: Sudden Impact,25-Apr-03,"Miami, Florida, USA"
bba678d312590087,UFC 41: Onslaught,28-Feb-03,"Atlantic City, New Jersey, USA"
e06fd1260ac865a7,UFC 40: Vendetta,22-Nov-02,"Las Vegas, Nevada, USA"
0cf935519d439ba6,UFC 39: The Warriors Return,27-Sep-02,"Uncasville, Connecticut, USA"
1dc56b59cb28425d,UFC 38: Brawl at the Hall,13-Jul-02,"London, England, United Kingdom"
9ccdd2ce45903f34,UFC 37.5: As Real As It Gets,22-Jun-02,"Las Vegas, Nevada, USA"
9fd1f08dd4aec14a,UFC 37: High Impact,10-May-02,"Bossier City, Louisiana, USA"
02fc8f50f56eb307,UFC 36: Worlds Collide,22-Mar-02,"Las Vegas, Nevada, USA"
946f341df6472ee0,UFC 35: Throwdown,11-Jan-02,"Uncasville, Connecticut, USA"
4dc496aa0cfc0d95,UFC 34: High Voltage,2-Nov-01,"Las Vegas, Nevada, USA"
c75b99887c8c3f5a,UFC 33: Victory in Vegas,28-Sep-01,"Las Vegas, Nevada, USA"
7b9aa973e5c04624,UFC 32: Showdown in the Meadowlands,29-Jun-01,"East Rutherford, New Jersey, USA"
20bd6c3e03c46ee6,UFC 31: Locked and Loaded,4-May-01,"Atlantic City, New Jersey, USA"
2b1587a3376ab743,UFC 30: Battle on the Boardwalk,23-Feb-01,"Atlantic City, New Jersey, USA"
08ae5cd9aef7ddd3,UFC 29: Defense of the Belts,16-Dec-00,"Tokyo, Japan"
da6dfd09cca1d705,UFC 28: High Stakes,17-Nov-00,"Atlantic City, New Jersey, USA"
31652c9267606d54,UFC 27: Ultimate Bad Boyz,22-Sep-00,"New Orleans, Louisiana, USA"
cedfdf8d423d500c,UFC 26: Ultimate Field Of Dreams,9-Jun-00,"Cedar Rapids, Iowa, USA"
d2b1c1317a39f6c6,UFC 25: Ultimate Japan 3,14-Apr-00,"Tokyo, Japan"
20ec0061400178ca,UFC 24: First Defense,10-Mar-00,"Lake Charles, Louisiana, USA"
a8fa0c4e95512806,UFC 23: Ultimate Japan 2,19-Nov-99,"Chiba, Japan"
afaad7d6a581e307,UFC 22: Only One Can be Champion,24-Sep-99,"Lake Charles, Louisiana, USA"
1a1a4d7a29041d77,UFC 21: Return of the Champions,16-Jul-99,"Cedar Rapids, Iowa, USA"
a7b48e18ca27795d,UFC 20: Battle for the Gold,7-May-99,"Birmingham, Alabama, USA"
a220be6d41d6f97d,UFC 19: Ultimate Young Guns,5-Mar-99,"Bay St. Louis, Mississippi, USA"
c9bbf1a0285a8076,UFC 18: The Road to the Heavyweight Title,8-Jan-99,"New Orleans, Louisiana, USA"
32a3025d5db456ae,UFC - Ultimate Brazil,16-Oct-98,"Sao Paulo, Brazil"
4a01dc8376736ef5,UFC 17: Redemption,15-May-98,"Mobile, Alabama, USA"
749685d24e2cac50,UFC 16: Battle in the Bayou,13-Mar-98,"New Orleans, Louisiana, USA"
29f935654825331b,UFC - Ultimate Japan,21-Dec-97,"Yokohama, Kanagawa, Japan"
07a18ae55dfc3cd9,UFC 15: Collision Course,17-Oct-97,"Bay St. Louis, Mississippi, USA"
dc950d59dc590aca,UFC 14: Showdown,27-Jul-97,"Birmingham, Alabama, USA"
5bd533d50c8e7b8a,UFC 13: The Ultimate Force,30-May-97,"Augusta, Georgia, USA"
96eff1a628adcc7f,UFC 12: Judgement Day,7-Feb-97,"Dothan, Alabama, USA"
9b5b5a75523728f3,UFC - Ultimate Ultimate '96,7-Dec-96,"Birmingham, Alabama, USA"
6ceff86fae4f6b3b,UFC 11: The Proving Ground,20-Sep-96,"Augusta, Georgia, USA"
aee8eecfc4bfb1e7,UFC 10: The Tournament,12-Jul-96,"Birmingham, Alabama, USA"
a390eb8a9b2df298,UFC 9: Motor City Madness,17-May-96,"Detroit, Michigan, USA"
b63e800c18e011b5,UFC 8: David vs Goliath,16-Feb-96,"San Juan, Puerto Rico"
31bbd46d57dfbcb7,UFC - Ultimate Ultimate '95,16-Dec-95,"Denver, Colorado, USA"
5af480a3b2e1726b,UFC 7: The Brawl in Buffalo,8-Sep-95,"Buffalo, New York, USA"
1c3f5e85b59ec710,UFC 6: Clash of the Titans,14-Jul-95,"Casper, Wyoming, USA"
dedc3bb440d09554,UFC 5: The Return of the Beast,7-Apr-95,"Charlotte, North Carolina, USA"
b60391da771deefe,UFC 4: Revenge of the Warriors,16-Dec-94,"Tulsa, Oklahoma, USA"
1a49e0670dfaca31,UFC 3: The American Dream,9-Sep-94,"Charlotte, North Carolina, USA"
a6a9ab5a824e8f66,UFC 2: No Way Out,11-Mar-94,"Denver, Colorado, USA"
